Entity,1990,1991,1992,1993,1994,1995,1996,1997,1998,1999,2000,2001,2002,2003,2004,2005,2006,2007,2008,2009,2010,2011,2012,2013,2014,2015,2016,2017,2018,2019
Afghanistan,0.0,0.7,0.3,0.1,0.07,0.16,0.03,0.07,2.62,0.03,0.0,0.0,0.5,0.05,0.01,0.23,0.16,0.12,0.55,0.04,0.15,0.04,0.14,0.07,0.24,0.18,0.03,0.09,0.05,0.05
African Region (WHO),0.0,0.01,0.0,0.0,0.01,0.0,0.0,0.01,0.0,0.01,0.02,0.02,0.01,0.03,0.01,0.01,0.02,0.01,0.01,0.01,0.01,0.01,0.01,0.01,0.01,0.01,0.01,0.03,0.01,0.02
Albania,0.0,0.0,0.06,0.0,0.01,0.02,0.01,0.01,0.0,0.01,0.0,0.0,0.04,0.0,0.01,0.03,0.0,0.0,0.0,0.0,0.01,0.0,0.0,0.0,0.0,0.0,0.01,0.0,0.0,0.23
Algeria,0.0,0.0,0.01,0.02,0.14,0.0,0.0,0.0,0.0,0.02,0.03,0.59,0.03,1.48,0.01,0.01,0.0,0.05,0.06,0.03,0.0,0.01,0.04,0.0,0.0,0.01,0.0,0.0,0.0,0.0
American Samoa,0.0,0.0,0.0,0.0,0.0,0.0,0.0,0.0,0.0,0.0,0.0,0.0,0.0,1.93,0.0,0.0,0.0,0.0,0.0,9.41,0.0,0.0,0.0,0.29,0.0,0.0,0.0,0.0,0.0,0.0
Andorra,0.0,0.0,0.0,0.0,0.0,0.0,0.0,0.0,0.0,0.0,0.0,0.0,0.0,0.0,0.0,0.0,0.0,0.0,0.0,0.0,0.0,0.0,0.0,0.0,0.0,0.0,0.0,0.0,0.0,0.0
Angola,0.0,0.0,0.0,0.0,0.0,0.0,0.0,0.0,0.0,0.0,0.03,0.03,0.0,0.01,0.01,0.0,0.0,0.05,0.0,0.03,0.01,0.07,0.0,0.0,0.0,0.04,0.06,0.01,0.0,0.02
Antigua and Barbuda,0.0,0.0,0.0,0.0,0.0,0.41,0.0,6.54,0.44,0.43,0.0,0.0,0.0,0.0,0.0,0.0,0.0,0.0,0.0,0.0,0.0,0.0,0.0,0.0,0.0,0.0,0.0,0.17,0.0,0.0
Argentina,0.01,0.0,0.02,0.01,0.0,0.0,0.0,0.01,0.01,0.0,0.01,0.01,0.01,0.01,0.0,0.0,0.0,0.0,0.0,0.01,0.0,0.0,0.0,0.02,0.0,0.01,0.0,0.0,0.0,0.0
Armenia,0.0,0.0,0.0,0.0,0.0,0.0,0.0,0.02,0.0,0.0,0.0,0.0,0.0,0.0,0.0,0.0,0.0,0.0,0.0,0.0,0.0,0.01,0.01,0.0,0.0,0.0,0.0,0.0,0.0,0.0
Australia,0.01,0.01,0.01,0.0,0.0,0.0,0.02,0.03,0.01,0.01,0.0,0.0,0.0,0.0,0.0,0.0,0.0,0.0,0.0,0.0,0.0,0.02,0.01,0.0,0.0,0.01,0.01,0.01,0.0,0.0
Austria,0.0,0.01,0.0,0.0,0.0,0.01,0.0,0.0,0.0,0.07,0.02,0.0,0.02,0.03,0.01,0.04,0.02,0.01,0.02,0.02,0.03,0.0,0.02,0.03,0.01,0.02,0.01,0.01,0.0,0.01
Azerbaijan,0.0,0.0,0.0,0.21,0.0,0.01,0.0,0.02,0.0,0.0,0.07,0.0,0.0,0.0,0.0,0.0,0.0,0.0,0.0,0.0,0.0,0.0,0.0,0.0,0.0,0.0,0.0,0.0,0.0,0.0
Bahamas,0.0,0.0,0.26,0.0,0.0,0.0,0.0,0.0,0.0,0.1,0.0,0.0,0.05,0.0,0.62,0.05,0.0,0.0,0.0,0.0,0.14,0.0,0.04,0.0,0.0,1.35,0.0,0.0,0.0,1.84
Bahrain,0.0,0.0,0.0,0.0,0.0,0.0,0.0,0.0,0.0,0.0,0.0,0.0,0.0,0.0,0.0,0.0,0.0,0.0,0.0,0.0,0.0,0.0,0.0,0.0,0.0,0.0,0.0,0.0,0.0,0.0
Bangladesh,0.08,11.52,0.0,0.06,0.03,0.16,0.07,0.06,0.16,0.04,0.02,0.03,0.02,0.04,0.12,0.03,0.02,0.67,0.01,0.03,0.01,0.01,0.04,0.01,0.01,0.02,0.03,0.04,0.01,0.02
Barbados,0.0,0.0,0.0,0.0,0.0,0.0,0.0,0.0,0.0,0.0,0.0,0.0,0.0,0.04,0.04,0.0,0.0,0.0,0.0,0.0,0.0,0.0,0.0,0.0,0.0,0.0,0.0,0.04,0.0,0.0
Belarus,0.0,0.0,0.0,0.0,0.0,0.0,0.0,0.0,0.0,0.0,0.0,0.0,0.0,0.0,0.0,0.0,0.0,0.0,0.0,0.0,0.0,0.0,0.0,0.0,0.0,0.0,0.0,0.0,0.0,0.0
Belgium,0.02,0.0,0.0,0.0,0.0,0.01,0.0,0.0,0.0,0.0,0.0,0.0,0.0,0.0,0.0,0.0,0.0,0.0,0.0,0.0,0.0,0.0,0.0,0.0,0.0,0.0,0.0,0.0,0.0,0.0
Belize,0.0,0.0,0.0,0.0,0.0,0.0,0.0,0.0,0.73,0.0,1.05,2.28,0.0,0.0,0.0,0.22,0.0,0.0,0.58,0.0,0.0,0.0,0.0,0.0,0.0,0.0,0.0,0.0,0.0,0.0
Benin,0.0,0.0,0.0,0.0,0.0,0.03,0.02,0.0,0.0,0.0,0.0,0.0,0.0,0.0,0.0,0.0,0.0,0.01,0.02,0.01,0.05,0.0,0.0,0.0,0.0,0.0,0.0,0.0,0.0,0.0
Bermuda,0.0,0.0,0.0,0.0,0.0,0.0,0.0,0.0,0.0,0.0,0.44,0.0,0.0,0.91,0.0,0.0,0.0,0.0,0.0,0.0,0.0,0.0,0.0,0.0,0.0,0.0,0.0,0.0,0.0,0.0
Bhutan,0.0,0.0,0.0,0.0,0.81,0.0,0.0,0.0,0.0,0.0,4.41,0.0,0.0,0.0,0.0,0.0,0.0,0.0,0.0,0.57,0.0,0.02,0.0,0.0,0.0,0.0,0.0,0.0,0.0,0.0
Bolivia,0.0,0.0,0.09,0.0,0.01,0.0,0.07,0.09,0.26,0.0,0.05,0.07,0.16,0.18,0.06,0.0,0.04,0.1,0.08,0.0,0.04,0.08,0.02,0.13,0.18,0.06,0.01,0.0,0.01,0.08
Bosnia and Herzegovina,0.0,0.0,0.0,0.0,0.0,0.0,0.0,0.0,0.0,0.0,0.02,0.0,0.0,0.0,0.0,0.01,0.0,0.0,0.0,0.0,0.01,0.0,0.0,0.0,0.08,0.0,0.0,0.0,0.0,0.0
Botswana,0.0,0.0,0.0,0.0,0.0,0.11,0.0,0.0,0.0,0.0,0.01,0.0,0.0,0.0,0.0,0.0,0.0,0.0,0.0,0.0,0.0,0.0,0.0,0.06,0.0,0.0,0.0,0.0,0.0,0.0
Brazil,0.0,0.01,0.02,0.0,0.0,0.03,0.02,0.01,0.0,0.01,0.01,0.01,0.01,0.02,0.02,0.01,0.01,0.01,0.04,0.01,0.06,0.21,0.01,0.01,0.01,0.01,0.01,0.0,0.0,0.0
Brunei,0.0,0.0,0.0,0.0,0.0,0.0,0.0,0.0,0.0,0.0,0.0,0.0,0.0,0.0,0.0,0.0,0.0,0.0,0.0,0.0,0.0,0.0,0.0,0.0,0.0,0.18,0.0,0.0,0.0,0.0
Bulgaria,0.0,0.0,0.0,0.0,0.0,0.0,0.0,0.0,0.0,0.0,0.01,0.0,0.0,0.0,0.01,0.0,0.0,0.01,0.0,0.0,0.0,0.0,0.0,0.0,0.0,0.01,0.0,0.0,0.0,0.0
Burkina Faso,0.0,0.0,0.0,0.0,0.01,0.0,0.0,0.0,0.0,0.0,0.0,0.0,0.0,0.0,0.0,0.0,0.0,0.03,0.0,0.0,0.01,0.0,0.01,0.0,0.0,0.0,0.01,0.0,0.0,0.0
Burundi,0.0,0.0,0.0,0.0,0.0,0.0,0.0,0.0,0.0,0.0,0.0,0.0,0.0,0.0,0.0,0.0,0.02,0.01,0.01,0.0,0.01,0.01,0.0,0.0,0.12,0.04,0.03,0.01,0.0,0.01
Cambodia,0.0,0.09,0.0,0.0,0.44,0.0,0.05,0.02,0.0,0.01,0.31,0.05,0.03,0.0,0.0,0.02,0.0,0.0,0.0,0.02,0.01,0.24,0.01,0.2,0.04,0.0,0.0,0.0,0.0,0.0
Cameroon,0.0,0.0,0.0,0.0,0.0,0.0,0.0,0.0,0.0,0.01,0.0,0.02,0.0,0.01,0.0,0.0,0.0,0.0,0.0,0.0,0.01,0.0,0.01,0.0,0.0,0.0,0.0,0.0,0.0,0.02
Canada,0.01,0.0,0.0,0.0,0.0,0.01,0.01,0.01,0.02,0.01,0.01,0.01,0.0,0.01,0.0,0.0,0.0,0.01,0.01,0.01,0.0,0.01,0.0,0.0,0.0,0.0,0.0,0.0,0.0,0.0
Cape Verde,0.0,0.0,0.0,0.0,0.0,0.0,0.0,0.0,0.0,0.0,0.0,0.0,0.0,0.0,0.0,0.0,0.0,0.0,0.0,0.11,0.0,0.0,0.0,0.0,0.0,0.3,0.0,0.0,0.0,0.0
Central African Republic,0.0,0.0,0.0,0.0,0.0,0.0,0.01,0.0,0.0,0.0,0.0,0.0,0.0,0.0,0.0,0.0,0.0,0.0,0.0,0.01,0.0,0.0,0.0,0.0,0.0,0.0,0.0,0.0,0.0,0.0
Chad,0.0,0.04,0.0,0.0,0.0,0.0,0.0,0.0,0.0,0.0,0.0,0.08,0.0,0.0,0.0,0.0,0.04,0.02,0.0,0.0,0.02,0.0,0.01,0.0,0.0,0.0,0.0,0.0,0.0,0.0
Chile,0.0,0.3,0.0,0.16,0.0,0.04,0.0,0.04,0.01,0.0,0.02,0.01,0.03,0.0,0.01,0.07,0.02,0.02,0.01,0.0,0.54,0.0,0.0,0.0,0.0,0.22,0.01,0.03,0.0,0.01
China,0.02,0.03,0.02,0.02,0.04,0.03,0.07,0.02,0.05,0.02,0.01,0.01,0.02,0.01,0.01,0.01,0.02,0.01,0.96,0.01,0.08,0.01,0.01,0.01,0.02,0.01,0.01,0.01,0.0,0.0
Colombia,0.03,0.09,0.01,0.14,0.09,0.07,0.01,0.03,0.03,0.47,0.11,0.05,0.06,0.08,0.03,0.07,0.13,0.16,0.08,0.05,0.22,0.28,0.08,0.05,0.06,0.08,0.01,0.3,0.01,0.01
Comoros,0.0,0.0,0.0,0.0,0.0,0.0,0.0,0.0,0.0,0.0,0.0,0.0,0.0,0.0,0.0,0.02,0.0,0.0,0.0,0.04,0.0,0.0,0.08,0.0,0.0,0.0,0.0,0.0,0.0,0.16
Congo,0.0,0.0,0.0,0.0,0.0,0.0,0.0,0.0,0.0,0.0,0.0,0.0,0.0,0.0,0.0,0.0,0.02,0.0,0.0,0.0,0.0,0.0,0.05,0.0,0.0,0.0,0.0,0.0,0.0,0.0
Cook Islands,0.75,0.0,0.0,0.0,0.0,0.0,0.0,13.32,0.0,0.0,0.0,0.0,0.0,0.0,0.0,0.0,0.0,0.0,0.0,0.0,0.0,0.0,0.0,0.0,0.0,0.0,0.0,0.0,0.0,0.0
Costa Rica,0.01,0.41,0.0,0.1,0.01,0.0,0.43,0.03,0.09,0.11,0.01,0.01,0.07,0.02,0.06,0.04,0.0,0.12,0.07,0.13,0.27,0.02,0.04,0.0,0.0,0.0,0.04,0.06,0.0,0.0
Cote d'Ivoire,0.0,0.0,0.0,0.0,0.0,0.0,0.01,0.0,0.0,0.0,0.0,0.0,0.0,0.0,0.0,0.0,0.0,0.0,0.0,0.01,0.01,0.0,0.0,0.0,0.02,0.01,0.01,0.01,0.01,0.0
Croatia,0.0,0.0,0.0,0.0,0.0,0.0,0.0,0.0,0.0,0.0,0.0,0.0,0.0,0.0,0.0,0.0,0.0,0.0,0.0,0.0,0.0,0.0,0.0,0.0,0.0,0.0,0.0,0.0,0.0,0.0
Cuba,0.01,0.0,0.0,0.07,0.02,0.0,0.0,0.0,0.01,0.02,0.0,0.01,0.0,0.0,0.0,0.02,0.01,0.0,0.01,0.0,0.0,0.0,0.02,0.0,0.0,0.0,0.0,0.01,0.01,0.01
Cyprus,0.0,0.0,0.0,0.0,0.0,0.03,0.0,0.0,0.0,0.0,0.0,0.0,0.0,0.0,0.02,0.0,0.03,0.0,0.0,0.0,0.0,0.0,0.0,0.0,0.0,0.0,0.0,0.0,0.0,0.0
Czechia,0.0,0.0,0.0,0.0,0.0,0.0,0.0,0.02,0.0,0.0,0.0,0.0,0.01,0.0,0.0,0.0,0.01,0.0,0.0,0.01,0.02,0.0,0.0,0.0,0.0,0.0,0.0,0.0,0.0,0.0
Democratic Republic of Congo,0.0,0.0,0.0,0.0,0.01,0.0,0.0,0.0,0.0,0.0,0.0,0.01,0.03,0.0,0.0,0.0,0.0,0.0,0.01,0.0,0.01,0.0,0.0,0.0,0.03,0.01,0.01,0.09,0.02,0.0
Denmark,0.0,0.0,0.0,0.0,0.0,0.0,0.0,0.0,0.0,0.01,0.0,0.0,0.0,0.0,0.0,0.0,0.0,0.0,0.0,0.0,0.0,0.0,0.0,0.0,0.0,0.0,0.0,0.0,0.0,0.0
Djibouti,0.0,0.0,0.0,0.0,3.08,0.0,0.0,0.0,0.0,0.0,0.0,0.0,0.0,0.0,0.8,0.0,0.0,0.0,0.0,0.0,0.0,0.0,0.0,0.0,0.0,0.0,0.0,0.0,0.03,0.0
Dominica,0.0,0.0,0.0,0.0,0.0,0.28,0.0,0.0,0.0,0.0,0.0,0.0,0.0,0.28,0.28,0.0,0.0,0.71,0.0,0.0,0.43,0.0,0.0,0.0,0.0,4.75,0.0,8.15,0.0,0.0
Dominican Republic,0.0,0.03,0.0,0.08,0.0,0.03,0.07,0.01,0.82,0.02,0.01,0.01,0.01,0.04,1.32,0.02,0.0,0.32,0.03,0.02,0.02,0.02,0.01,0.0,0.0,0.0,0.02,0.01,0.0,0.0
East Asia & Pacific (WB),0.04,0.08,0.04,0.03,0.04,0.08,0.06,0.05,0.06,0.04,0.02,0.02,0.02,0.02,1.2,0.02,0.1,0.02,1.52,0.04,0.06,0.15,0.03,0.11,0.02,0.01,0.02,0.01,0.04,0.01
East Timor,0.0,0.0,0.0,0.0,0.0,0.0,0.0,0.0,0.0,0.0,0.0,0.01,0.0,0.05,0.0,0.0,0.0,0.02,0.0,0.0,0.0,0.0,0.0,0.0,0.0,0.0,0.0,0.0,0.0,0.0
Eastern Mediterranean Region (WHO),1.22,0.06,0.08,0.05,0.04,0.07,0.02,0.16,0.24,0.01,0.0,0.03,0.05,0.75,0.05,2.03,0.03,0.04,0.05,0.01,0.07,0.02,0.04,0.03,0.02,0.03,0.02,0.03,0.01,0.01
Ecuador,0.01,0.0,0.04,0.85,0.0,0.01,0.06,0.31,0.24,0.03,0.13,0.18,0.15,0.03,0.04,0.03,0.06,0.02,0.08,0.04,0.06,0.04,0.06,0.04,0.02,0.05,0.81,0.03,0.0,0.02
Egypt,0.0,0.0,0.13,0.01,0.14,0.0,0.0,0.01,0.0,0.0,0.0,0.0,0.01,0.0,0.0,0.0,0.0,0.0,0.02,0.0,0.01,0.0,0.0,0.0,0.0,0.01,0.01,0.0,0.0,0.0
El Salvador,0.0,0.0,0.01,0.07,0.0,0.02,0.04,0.03,1.4,0.03,0.02,3.57,0.02,0.01,0.01,0.51,0.01,0.04,0.11,1.1,0.06,0.14,0.0,0.01,0.02,0.03,0.0,0.03,0.01,0.0
England,0.01,0.0,0.0,0.0,0.0,0.0,0.0,0.0,0.0,0.0,0.0,0.0,0.0,0.0,0.0,0.0,0.0,0.01,0.0,0.0,0.0,0.0,0.0,0.0,0.0,0.0,0.0,0.0,0.0,0.0
Equatorial Guinea,0.0,0.0,0.0,0.0,0.0,0.0,0.0,0.0,0.0,0.0,0.0,0.0,0.0,0.0,0.0,0.0,0.0,0.0,0.0,0.0,0.0,0.0,0.0,0.0,0.0,0.0,0.0,0.0,0.0,0.0
Eritrea,0.0,0.0,0.0,0.01,0.0,0.0,0.0,0.0,0.0,0.0,0.0,0.0,0.0,0.0,0.0,0.0,0.0,0.0,0.0,0.0,0.0,0.0,0.0,0.0,0.0,0.0,0.0,0.0,0.0,0.0
Estonia,0.0,0.0,0.0,0.0,0.0,0.0,0.0,0.0,0.0,0.0,0.01,0.0,0.01,0.0,0.0,0.0,0.01,0.0,0.0,0.01,0.0,0.0,0.01,0.0,0.0,0.0,0.0,0.0,0.0,0.0
Eswatini,0.0,0.0,0.0,0.0,0.0,0.0,0.0,0.0,0.0,0.0,0.0,0.0,0.0,0.0,0.0,0.0,0.01,0.0,0.0,0.0,0.0,0.0,0.0,0.0,0.08,0.0,0.0,0.0,0.0,0.0
Ethiopia,0.0,0.0,0.0,0.0,0.0,0.0,0.0,0.04,0.0,0.01,0.01,0.0,0.0,0.01,0.0,0.03,0.13,0.0,0.01,0.0,0.0,0.0,0.0,0.0,0.0,0.0,0.04,0.02,0.01,0.0
Europe & Central Asia (WB),0.01,0.01,0.03,0.01,0.01,0.01,0.0,0.01,0.01,0.2,0.0,0.0,0.01,0.01,0.0,0.0,0.0,0.0,0.0,0.01,0.01,0.01,0.0,0.0,0.0,0.0,0.01,0.0,0.0,0.0
European Region (WHO),0.01,0.01,0.03,0.01,0.01,0.01,0.0,0.01,0.01,0.2,0.0,0.0,0.01,0.0,0.0,0.0,0.0,0.0,0.0,0.01,0.01,0.01,0.0,0.0,0.0,0.0,0.01,0.0,0.0,0.0
Fiji,0.0,0.0,0.02,0.43,0.0,0.0,0.0,0.47,0.0,0.22,0.07,0.04,0.12,0.29,0.28,0.0,0.08,0.11,0.11,0.24,0.03,0.0,0.25,0.0,0.0,0.0,0.66,0.0,0.1,0.0
Finland,0.0,0.0,0.0,0.0,0.0,0.0,0.0,0.0,0.0,0.0,0.01,0.0,0.0,0.0,0.0,0.0,0.0,0.0,0.0,0.0,0.0,0.0,0.0,0.0,0.0,0.0,0.0,0.0,0.0,0.0
France,0.01,0.01,0.01,0.0,0.01,0.0,0.01,0.0,0.01,0.02,0.0,0.01,0.01,0.0,0.0,0.01,0.01,0.01,0.0,0.0,0.01,0.0,0.0,0.01,0.0,0.0,0.0,0.0,0.0,0.0
G20,0.02,0.02,0.02,0.05,0.02,0.04,0.03,0.02,0.04,0.1,0.01,0.07,0.01,0.01,0.56,0.03,0.03,0.01,0.27,0.02,0.03,0.07,0.01,0.03,0.01,0.01,0.01,0.01,0.02,0.01
Gabon,0.0,0.0,0.0,0.0,0.0,0.0,0.0,0.0,0.0,0.0,0.0,0.0,0.0,0.0,0.0,0.0,0.0,0.0,0.0,0.0,0.0,0.0,0.01,0.0,0.0,0.0,0.0,0.0,0.0,0.0
Gambia,0.0,0.0,0.0,0.0,0.0,0.0,0.0,0.0,0.0,0.44,0.0,0.01,0.0,0.02,0.02,0.0,0.0,0.0,0.0,0.04,0.07,0.0,0.0,0.01,0.0,0.0,0.0,0.0,0.0,0.0
Georgia,0.0,0.01,0.0,0.17,0.0,0.0,0.0,0.01,0.0,0.0,0.0,0.0,0.01,0.0,0.0,0.0,0.01,0.0,0.0,0.0,0.0,0.01,0.0,0.0,0.01,0.01,0.0,0.0,0.0,0.0
Germany,0.01,0.0,0.0,0.0,0.0,0.0,0.0,0.0,0.0,0.0,0.0,0.0,0.0,0.0,0.0,0.0,0.0,0.0,0.0,0.0,0.0,0.0,0.0,0.0,0.0,0.0,0.0,0.0,0.0,0.0
Ghana,0.0,0.0,0.0,0.0,0.0,0.09,0.0,0.0,0.0,0.03,0.0,0.01,0.0,0.0,0.0,0.0,0.0,0.03,0.0,0.02,0.03,0.01,0.0,0.0,0.0,0.01,0.0,0.01,0.02,0.0
Greece,0.0,0.0,0.0,0.0,0.02,0.01,0.0,0.01,0.0,0.11,0.0,0.01,0.0,0.0,0.0,0.0,0.0,0.0,0.0,0.0,0.0,0.0,0.0,0.0,0.01,0.01,0.01,0.02,0.0,0.0
Greenland,0.0,0.0,0.0,0.0,0.0,0.0,0.0,0.0,0.0,0.0,0.0,0.0,0.0,0.22,0.0,0.0,0.0,0.0,0.0,0.0,0.0,0.22,0.0,0.0,0.0,0.0,0.0,0.0,0.0,0.0
Grenada,0.0,0.0,0.0,0.0,0.0,0.0,0.0,0.0,0.0,0.0,0.0,0.0,0.0,0.0,2.46,0.14,0.0,0.0,0.0,0.0,0.0,0.0,0.0,0.0,0.0,0.0,0.0,0.0,0.0,0.0
Guam,0.0,0.0,0.16,0.0,0.0,0.0,0.0,0.0,0.0,0.0,0.0,0.0,0.14,0.0,0.14,0.0,0.0,0.0,0.0,0.0,0.0,0.0,0.0,0.0,0.0,0.0,0.0,0.0,0.0,0.0
Guatemala,0.0,0.05,0.0,0.0,0.01,0.04,0.0,0.0,0.61,0.02,0.06,0.01,0.1,0.04,0.01,0.43,0.03,0.03,0.08,0.0,0.22,0.09,0.01,0.01,0.02,0.01,0.01,0.02,0.47,0.0
Guinea,0.0,0.0,0.0,0.0,0.0,0.0,0.0,0.0,0.0,0.0,0.0,0.01,0.0,0.0,0.0,0.0,0.0,0.0,0.0,0.0,0.01,0.0,0.0,0.0,0.0,0.01,0.0,0.0,0.0,0.0
Guinea-Bissau,0.0,0.0,0.0,0.0,0.0,0.0,0.0,0.0,0.0,0.0,0.0,0.0,0.0,0.0,0.02,0.0,0.0,0.0,0.0,0.0,0.01,0.0,0.0,0.0,0.0,0.0,0.0,0.0,0.02,0.0
Guyana,0.0,0.0,0.0,0.0,0.0,0.0,0.0,0.0,0.0,0.0,0.0,0.0,0.0,0.0,0.0,0.55,0.0,0.0,0.0,0.0,0.0,0.0,0.0,0.0,0.0,0.0,0.0,0.0,0.0,0.0
Haiti,0.0,0.0,0.0,0.01,1.26,0.0,0.1,0.0,0.22,0.02,0.02,0.03,0.04,0.1,5.56,0.09,0.02,0.17,0.74,0.02,69.73,0.04,0.14,0.01,0.01,0.01,0.6,0.04,0.02,0.0
Honduras,0.02,0.0,0.0,1.42,0.52,0.11,0.03,0.0,31.44,0.11,0.0,0.06,0.03,0.03,0.0,0.17,0.01,0.02,0.18,0.02,0.35,0.08,0.0,0.0,0.01,0.0,0.01,0.04,0.01,0.0
Hungary,0.0,0.0,0.0,0.0,0.0,0.0,0.0,0.0,0.0,0.03,0.0,0.0,0.0,0.01,0.0,0.0,0.0,0.0,0.0,0.0,0.0,0.0,0.0,0.0,0.0,0.0,0.0,0.0,0.0,0.0
Iceland,0.0,0.06,0.0,0.0,0.06,3.66,0.0,0.0,0.0,0.11,0.0,0.0,0.0,0.0,0.06,0.0,0.05,0.0,0.0,0.0,0.0,0.0,0.0,0.0,0.0,0.0,0.0,0.05,0.0,0.0
India,0.03,0.03,0.01,0.13,0.03,0.03,0.04,0.03,0.07,0.13,0.03,0.24,0.01,0.01,0.21,0.04,0.02,0.02,0.02,0.02,0.01,0.01,0.0,0.07,0.01,0.01,0.01,0.02,0.01,0.02
Indonesia,0.02,0.01,0.19,0.01,0.04,0.02,0.02,0.0,0.0,0.01,0.04,0.04,0.02,0.03,10.06,0.08,0.48,0.05,0.01,0.1,0.08,0.01,0.01,0.01,0.02,0.0,0.02,0.01,0.33,0.04
Iran,11.22,0.12,0.02,0.27,0.02,0.01,0.02,0.92,0.07,0.03,0.0,0.19,0.09,7.73,0.22,0.22,0.02,0.01,0.02,0.0,0.01,0.0,0.09,0.02,0.01,0.02,0.01,0.22,0.0,0.03
Iraq,0.0,0.02,0.0,0.0,0.0,0.0,0.0,0.0,0.0,0.0,0.0,0.0,0.0,0.0,0.0,0.0,0.01,0.0,0.0,0.0,0.0,0.0,0.0,0.01,0.0,0.03,0.0,0.01,0.01,0.01
Ireland,0.01,0.0,0.0,0.01,0.0,0.0,0.01,0.0,0.0,0.01,0.0,0.0,0.0,0.0,0.0,0.01,0.0,0.0,0.0,0.0,0.0,0.01,0.0,0.0,0.0,0.01,0.0,0.0,0.01,0.0
Israel,0.0,0.02,0.0,0.0,0.0,0.0,0.0,0.05,0.0,0.01,0.01,0.01,0.01,0.0,0.0,0.0,0.0,0.0,0.0,0.0,0.01,0.0,0.0,0.01,0.0,0.0,0.0,0.0,0.03,0.0
Italy,0.01,0.01,0.0,0.0,0.02,0.0,0.01,0.01,0.05,0.0,0.01,0.0,0.0,0.01,0.0,0.0,0.0,0.0,0.0,0.07,0.01,0.01,0.01,0.01,0.01,0.01,0.05,0.01,0.0,0.0
Jamaica,0.0,0.12,0.0,0.07,0.03,0.0,0.0,0.0,0.0,0.0,0.01,0.01,0.08,0.0,0.11,0.04,0.01,0.03,0.07,0.0,0.09,0.0,0.01,0.01,0.0,0.0,0.0,0.0,0.0,0.0
Japan,0.02,0.02,0.0,0.06,0.0,0.61,0.01,0.01,0.01,0.02,0.01,0.0,0.0,0.01,0.03,0.01,0.01,0.0,0.0,0.01,0.0,1.47,0.02,0.01,0.03,0.0,0.01,0.01,0.02,0.01
Jordan,0.0,0.07,0.0,0.0,0.0,0.0,0.0,0.01,0.0,0.0,0.05,0.0,0.03,0.0,0.0,0.0,0.0,0.0,0.0,0.0,0.01,0.0,0.0,0.0,0.0,0.0,0.0,0.0,0.11,0.0
Kazakhstan,0.0,0.0,0.0,0.01,0.0,0.07,0.0,0.0,0.0,0.0,0.0,0.0,0.0,0.0,0.0,0.0,0.0,0.0,0.0,0.0,0.0,0.0,0.0,0.0,0.01,0.0,0.0,0.01,0.0,0.0
Kenya,0.02,0.0,0.0,0.0,0.0,0.0,0.0,0.03,0.01,0.0,0.0,0.0,0.03,0.01,0.02,0.01,0.06,0.01,0.02,0.01,0.07,0.01,0.02,0.04,0.0,0.03,0.03,0.01,0.05,0.0
Kiribati,0.0,0.0,0.0,0.0,0.0,0.0,0.0,0.0,0.0,0.0,0.0,0.0,0.0,0.0,0.0,0.0,0.0,0.0,0.0,0.0,0.0,0.0,0.0,0.0,0.0,0.0,0.0,0.0,0.0,0.0
Kuwait,0.0,0.0,0.0,0.0,0.0,0.0,0.0,0.04,0.0,0.0,0.0,0.0,0.0,0.0,0.0,0.0,0.0,0.0,0.0,0.0,0.0,0.0,0.0,0.0,0.0,0.0,0.0,0.0,0.01,0.0
Kyrgyzstan,0.0,0.0,0.16,0.0,0.41,0.0,0.0,0.0,0.0,0.0,0.02,0.02,0.03,0.11,0.12,0.06,0.03,0.01,0.2,0.07,0.03,0.01,0.03,0.02,0.03,0.05,0.03,0.13,0.0,0.0
Laos,0.0,0.0,0.05,0.01,0.0,0.04,0.05,0.0,0.0,0.0,0.03,0.0,0.0,0.0,0.0,0.0,0.0,0.0,0.01,0.06,0.0,0.11,0.0,0.05,0.0,0.01,0.01,0.0,0.31,0.04
Latin America & Caribbean (WB),0.02,0.03,0.02,0.06,0.06,0.03,0.02,0.05,0.75,1.09,0.03,0.07,0.03,0.03,0.22,0.04,0.02,0.06,0.06,0.03,6.17,0.11,0.02,0.02,0.02,0.02,0.05,0.11,0.01,0.01
Latvia,0.0,0.0,0.0,0.0,0.0,0.0,0.0,0.0,0.0,0.02,0.0,0.0,0.0,0.0,0.0,0.0,0.0,0.01,0.0,0.0,0.0,0.0,0.0,0.0,0.0,0.0,0.0,0.0,0.0,0.0
Lebanon,0.0,0.0,0.12,0.0,0.0,0.0,0.0,0.0,0.0,0.0,0.0,0.0,0.0,0.0,0.0,0.0,0.0,0.0,0.0,0.0,0.0,0.0,0.0,0.0,0.0,0.02,0.0,0.0,0.04,0.01
Lesotho,0.12,0.0,0.0,0.0,0.0,0.0,0.0,0.0,0.0,0.0,0.0,0.0,0.0,0.0,0.0,0.0,0.0,0.0,0.0,0.0,0.0,0.08,0.0,0.0,0.0,0.0,0.0,0.0,0.0,0.0
Liberia,0.0,0.0,0.0,0.0,0.0,0.0,0.0,0.0,0.03,0.0,0.0,0.0,0.0,0.0,0.0,0.0,0.0,0.0,0.0,0.01,0.0,0.0,0.0,0.0,0.0,0.0,0.0,0.0,0.0,0.0
Libya,0.0,0.0,0.0,0.0,0.0,0.0,0.0,0.0,0.0,0.0,0.0,0.0,0.0,0.0,0.0,0.0,0.0,0.0,0.0,0.0,0.0,0.0,0.0,0.07,0.0,0.0,0.0,0.0,0.0,0.0
Lithuania,0.0,0.0,0.0,0.01,0.0,0.0,0.0,0.0,0.0,0.01,0.0,0.0,0.0,0.0,0.0,0.0,0.0,0.0,0.0,0.0,0.01,0.0,0.0,0.0,0.0,0.0,0.0,0.0,0.0,0.0
Luxembourg,0.0,0.0,0.0,0.0,0.0,0.0,0.0,0.0,0.0,0.0,0.05,0.0,0.0,0.0,0.0,0.0,0.0,0.0,0.0,0.0,0.0,0.0,0.0,0.0,0.0,0.0,0.0,0.0,0.0,0.0
Madagascar,0.0,0.02,0.0,0.0,0.14,0.0,0.01,0.11,0.0,0.0,0.1,0.0,0.01,0.07,0.26,0.07,0.0,0.06,0.07,0.02,0.08,0.02,0.07,0.03,0.01,0.08,0.0,0.05,0.06,0.0
Malawi,0.0,0.28,0.0,0.0,0.0,0.0,0.0,0.0,0.0,0.0,0.0,0.03,0.0,0.01,0.0,0.01,0.0,0.0,0.0,0.0,0.0,0.0,0.0,0.0,0.0,0.23,0.01,0.0,0.0,0.05
Malaysia,0.0,0.0,0.0,0.12,0.0,0.02,0.32,0.0,0.0,0.0,0.02,0.01,0.02,0.01,0.09,0.01,0.01,0.04,0.01,0.0,0.0,0.02,0.0,0.0,0.01,0.02,0.0,0.01,0.0,0.0
Maldives,0.0,0.0,0.0,0.0,0.0,0.0,0.0,0.0,0.0,0.0,0.0,0.0,0.0,0.0,8.54,0.0,0.0,0.0,0.0,0.0,0.0,0.0,0.0,0.0,0.0,0.0,0.0,0.0,0.0,0.0
Mali,0.0,0.0,0.0,0.0,0.0,0.0,0.0,0.0,0.0,0.0,0.01,0.0,0.0,0.0,0.0,0.0,0.0,0.01,0.0,0.01,0.0,0.0,0.0,0.02,0.0,0.0,0.01,0.0,0.0,0.0
Malta,0.0,0.0,0.0,0.0,0.0,0.0,0.0,0.0,0.04,0.0,0.0,0.0,0.0,0.0,0.0,0.0,0.0,0.0,0.0,0.0,0.0,0.0,0.0,0.0,0.0,0.0,0.0,0.0,0.0,0.0
Marshall Islands,0.0,0.0,0.0,0.0,0.0,0.0,0.0,0.0,0.0,0.0,0.0,0.0,0.0,0.0,0.0,0.0,0.0,0.0,0.0,0.0,0.0,0.0,0.0,0.0,0.0,0.0,0.0,0.0,0.0,0.0
Mauritania,0.0,0.02,0.0,0.0,0.0,0.0,0.0,0.0,0.0,0.0,0.0,0.0,0.11,0.04,0.0,0.0,0.03,0.01,0.0,0.0,0.0,0.0,0.0,0.04,0.0,0.0,0.0,0.09,0.0,0.0
Mauritius,0.0,0.0,0.0,0.0,0.03,0.0,0.04,0.0,0.0,0.0,0.0,0.0,0.04,0.0,0.0,0.0,0.0,0.02,0.0,0.0,0.0,0.0,0.0,0.23,0.0,0.0,0.0,0.0,0.0,0.0
Mexico,0.03,0.01,0.0,0.03,0.0,0.04,0.01,0.07,0.16,0.12,0.04,0.01,0.02,0.01,0.02,0.02,0.01,0.01,0.01,0.01,0.04,0.03,0.01,0.04,0.01,0.01,0.03,0.1,0.01,0.0
Micronesia (country),0.0,0.0,0.0,0.0,0.0,0.0,0.0,0.0,0.0,0.0,0.0,0.0,5.46,0.0,0.12,0.0,0.0,0.0,0.0,0.0,0.0,0.0,0.0,0.0,0.0,0.57,0.0,0.0,0.0,0.0
Middle East & North Africa (WB),2.29,0.03,0.04,0.05,0.06,0.05,0.03,0.17,0.02,0.01,0.0,0.09,0.03,1.61,0.08,0.05,0.01,0.02,0.02,0.01,0.01,0.0,0.02,0.01,0.01,0.01,0.01,0.04,0.01,0.01
Moldova,0.0,0.0,0.0,0.0,0.1,0.0,0.0,0.02,0.0,0.0,0.0,0.0,0.0,0.0,0.0,0.0,0.0,0.0,0.01,0.0,0.0,0.0,0.0,0.0,0.0,0.0,0.0,0.0,0.0,0.0
Monaco,0.0,0.0,0.0,0.0,0.0,0.0,0.0,0.0,0.0,0.0,0.0,0.0,0.0,0.0,0.0,0.0,0.0,0.0,0.0,0.0,0.0,0.0,0.0,0.0,0.0,0.0,0.0,0.0,0.0,0.0
Mongolia,0.17,0.03,0.0,0.03,0.02,0.0,0.19,0.0,0.0,0.0,0.11,0.08,0.01,0.08,0.0,0.0,0.0,0.0,0.25,0.12,0.05,0.0,0.0,0.0,0.0,0.0,0.05,0.07,0.0,0.05
Montenegro,0.0,0.0,0.0,0.0,0.0,0.0,0.0,0.0,0.0,0.01,0.0,0.0,0.0,0.0,0.0,0.0,0.0,0.0,0.0,0.0,0.0,0.0,0.0,0.0,0.0,0.0,0.0,0.0,0.0,0.0
Morocco,0.0,0.0,0.0,0.0,0.0,0.42,0.02,0.03,0.0,0.0,0.0,0.01,0.04,0.02,0.33,0.0,0.01,0.0,0.02,0.01,0.02,0.0,0.0,0.0,0.03,0.0,0.0,0.0,0.0,0.0
Mozambique,0.0,0.0,0.0,0.0,0.11,0.0,0.0,0.01,0.04,0.01,0.33,0.03,0.0,0.02,0.0,0.0,0.01,0.02,0.01,0.0,0.0,0.01,0.01,0.04,0.01,0.06,0.02,0.01,0.01,0.24
Myanmar,0.0,0.0,0.0,0.0,0.0,0.01,0.0,0.01,0.0,0.0,0.0,0.01,0.0,0.0,0.06,0.0,0.01,0.0,23.08,0.01,0.03,0.05,0.01,0.01,0.0,0.05,0.02,0.0,0.02,0.03
Namibia,0.0,0.0,0.0,0.0,0.0,0.0,0.0,0.0,0.0,0.0,0.0,0.0,0.0,0.01,0.0,0.0,0.02,0.03,0.21,0.46,0.04,0.57,0.0,0.0,0.0,0.0,0.0,0.0,0.0,0.0
Nauru,0.0,0.0,0.0,0.0,0.0,0.0,0.0,0.0,0.0,0.0,0.0,0.0,0.0,0.0,0.0,0.0,0.0,0.0,0.0,0.0,0.0,0.0,0.0,0.0,0.0,0.0,0.0,0.0,0.0,0.0
Nepal,0.01,0.03,0.0,0.65,0.0,0.16,0.41,0.01,0.17,0.09,0.08,0.08,0.27,0.14,0.11,0.04,0.09,0.13,0.07,0.07,0.09,0.08,0.05,0.11,0.32,4.7,0.09,0.08,0.01,0.06
Netherlands,0.0,0.0,0.0,0.0,0.0,0.0,0.0,0.0,0.0,0.0,0.0,0.0,0.0,0.0,0.0,0.0,0.0,0.01,0.0,0.0,0.0,0.0,0.0,0.0,0.0,0.0,0.0,0.0,0.0,0.0
New Zealand,0.01,0.01,0.01,0.0,0.01,0.0,0.01,0.02,0.04,0.01,0.01,0.01,0.01,0.02,0.04,0.0,0.01,0.0,0.04,0.02,0.0,0.63,0.01,0.01,0.01,0.02,0.01,0.0,0.0,0.01
Nicaragua,0.02,0.0,0.94,0.19,0.0,0.18,0.21,0.0,17.1,0.06,0.05,0.08,0.01,0.0,0.13,0.03,0.0,0.87,0.13,0.0,0.32,0.07,0.04,0.12,0.06,0.01,0.01,0.08,0.01,0.0
Niger,0.0,0.0,0.0,0.0,0.03,0.0,0.0,0.0,0.0,0.01,0.0,0.0,0.0,0.0,0.0,0.0,0.0,0.0,0.0,0.0,0.0,0.01,0.05,0.02,0.02,0.01,0.03,0.04,0.02,0.0
Nigeria,0.0,0.0,0.0,0.0,0.0,0.0,0.0,0.0,0.0,0.01,0.0,0.01,0.0,0.0,0.01,0.0,0.0,0.01,0.0,0.0,0.0,0.01,0.02,0.0,0.0,0.01,0.0,0.0,0.02,0.0
Niue,0.0,0.0,0.0,0.0,0.0,0.0,0.0,0.0,0.0,0.0,0.0,0.0,0.0,0.0,4.41,0.0,0.0,0.0,0.0,0.0,0.0,0.0,0.0,0.0,0.0,0.0,0.0,0.0,0.0,0.0
North America (WB),0.01,0.01,0.01,0.01,0.01,0.01,0.01,0.01,0.01,0.01,0.01,0.01,0.01,0.01,0.01,0.15,0.01,0.01,0.01,0.01,0.01,0.03,0.01,0.01,0.01,0.01,0.01,0.01,0.01,0.0
North Korea,0.0,0.0,0.0,0.0,0.0,0.03,0.05,0.0,0.02,0.02,0.02,0.05,0.0,0.0,0.01,0.1,0.14,0.3,0.0,0.0,0.01,0.03,0.07,0.02,0.0,0.01,0.24,0.0,0.1,0.0
North Macedonia,0.0,0.0,0.0,0.01,0.0,0.0,0.01,0.0,0.0,0.0,0.0,0.0,0.0,0.01,0.0,0.0,0.0,0.0,0.0,0.0,0.0,0.0,0.0,0.0,0.0,0.03,0.09,0.0,0.0,0.0
Northern Ireland,0.02,0.01,0.0,0.0,0.01,0.0,0.0,0.0,0.0,0.0,0.0,0.0,0.0,0.0,0.0,0.0,0.0,0.0,0.0,0.0,0.0,0.0,0.0,0.0,0.0,0.0,0.0,0.0,0.0,0.0
Northern Mariana Islands,0.0,0.0,0.0,0.0,0.0,0.0,0.0,0.0,0.0,0.0,0.0,0.0,0.0,0.0,1.12,0.0,0.0,0.0,0.0,0.0,0.0,0.0,0.0,0.0,0.0,0.0,0.0,0.0,0.58,0.0
Norway,0.01,0.0,0.01,0.0,0.02,0.01,0.01,0.02,0.01,0.01,0.0,0.02,0.01,0.0,0.01,0.02,0.0,0.01,0.02,0.0,0.03,0.03,0.01,0.01,0.02,0.02,0.0,0.0,0.0,0.0
OECD Countries,0.01,0.01,0.01,0.01,0.01,0.07,0.01,0.01,0.03,0.21,0.01,0.01,0.01,0.01,0.01,0.05,0.01,0.01,0.01,0.01,0.01,0.2,0.01,0.01,0.01,0.01,0.01,0.01,0.01,0.0
Oman,0.0,0.0,0.0,0.0,0.0,0.0,0.0,0.0,0.0,0.0,0.0,0.0,0.07,0.3,0.0,0.0,0.0,0.71,0.0,0.0,0.14,0.12,0.0,0.0,0.0,0.0,0.02,0.02,0.05,0.0
Pakistan,0.0,0.03,0.12,0.05,0.03,0.08,0.01,0.02,0.08,0.02,0.0,0.02,0.01,0.02,0.0,4.99,0.03,0.06,0.02,0.01,0.15,0.04,0.05,0.05,0.02,0.04,0.03,0.01,0.0,0.02
Palau,0.0,0.0,0.0,0.0,0.0,0.0,0.0,0.0,0.0,0.0,0.0,0.0,0.0,0.0,0.0,0.0,0.0,0.0,0.0,0.0,0.0,0.0,0.0,0.0,0.0,0.0,0.0,0.0,0.0,0.0
Palestine,0.0,0.0,0.0,0.0,0.0,0.0,0.0,0.0,0.0,0.0,0.0,0.0,0.0,0.0,0.0,0.0,0.0,0.0,0.0,0.0,0.0,0.0,0.0,0.04,0.0,0.03,0.0,0.0,0.0,0.0
Panama,0.0,0.41,0.11,0.0,0.0,0.01,0.0,0.0,0.03,0.05,0.02,0.0,0.05,0.04,0.09,0.01,0.1,0.02,0.21,0.01,0.05,0.03,0.05,0.0,0.13,0.01,0.03,0.04,0.0,0.0
Papua New Guinea,0.0,0.6,0.0,0.19,0.01,0.0,0.11,0.08,5.24,0.0,0.0,0.0,0.09,0.03,0.0,0.0,0.03,0.32,0.02,0.03,0.0,0.0,0.11,0.0,0.0,0.0,0.0,0.0,0.27,0.01
Paraguay,0.0,0.0,0.0,0.0,0.0,0.0,0.03,0.16,0.27,0.0,0.0,0.0,0.0,0.01,0.0,0.01,0.0,0.0,0.0,0.0,0.0,0.01,0.04,0.02,0.01,0.04,0.03,0.0,0.0,0.05
Peru,0.21,0.04,0.0,0.06,0.06,0.01,0.02,0.33,0.34,0.09,0.03,0.15,0.08,0.03,0.02,0.01,0.0,0.53,0.05,0.14,0.15,0.04,0.06,0.05,0.04,0.02,0.0,0.14,0.0,0.05
Philippines,0.9,1.84,0.05,0.18,0.11,0.45,0.02,0.02,0.15,0.09,0.18,0.15,0.07,0.05,0.44,0.01,0.74,0.04,0.23,0.43,0.07,0.47,0.49,2.43,0.07,0.05,0.01,0.04,0.05,0.0
Poland,0.0,0.0,0.0,0.0,0.0,0.0,0.0,0.01,0.0,0.0,0.0,0.01,0.0,0.0,0.0,0.0,0.0,0.01,0.0,0.0,0.01,0.0,0.0,0.0,0.0,0.0,0.0,0.0,0.0,0.0
Portugal,0.0,0.0,0.0,0.01,0.0,0.0,0.01,0.06,0.01,0.0,0.0,0.01,0.0,0.0,0.01,0.0,0.0,0.0,0.0,0.0,0.01,0.0,0.0,0.0,0.0,0.0,0.0,0.0,0.0,0.0
Puerto Rico,0.0,0.0,0.07,0.0,0.0,0.0,0.04,0.0,0.0,0.01,0.01,0.01,0.0,0.01,0.0,0.0,0.0,0.0,0.0,0.0,0.0,0.0,0.0,0.0,0.0,0.0,0.0,6.23,0.0,0.0
Qatar,0.0,0.0,0.0,0.0,0.0,0.0,0.0,0.0,0.0,0.0,0.0,0.0,0.0,0.0,0.0,0.0,0.0,0.0,0.0,0.0,0.0,0.0,0.0,0.0,0.0,0.0,0.0,0.0,0.0,0.0
Region of the Americas (WHO),0.02,0.02,0.01,0.04,0.04,0.02,0.02,0.03,0.41,0.59,0.02,0.04,0.02,0.02,0.12,0.09,0.01,0.04,0.04,0.02,3.56,0.07,0.01,0.02,0.01,0.02,0.03,0.03,0.01,0.01
Romania,0.0,0.04,0.0,0.0,0.0,0.0,0.0,0.01,0.01,0.01,0.01,0.0,0.01,0.0,0.01,0.0,0.0,0.01,0.0,0.0,0.0,0.0,0.0,0.0,0.0,0.0,0.0,0.0,0.0,0.0
Russia,0.01,0.01,0.01,0.01,0.01,0.01,0.01,0.01,0.01,0.0,0.0,0.0,0.01,0.0,0.0,0.0,0.0,0.0,0.0,0.0,0.0,0.0,0.01,0.0,0.0,0.0,0.01,0.01,0.0,0.0
Rwanda,0.0,0.0,0.0,0.0,0.0,0.0,0.0,0.0,0.0,0.0,0.0,0.01,0.11,0.0,0.0,0.0,0.03,0.04,0.05,0.0,0.03,0.02,0.01,0.0,0.0,0.0,0.18,0.0,0.11,0.0
Saint Kitts and Nevis,0.0,0.0,0.0,0.0,0.0,0.0,0.0,0.0,1.17,0.0,0.0,0.0,0.0,0.0,0.0,0.0,0.0,0.0,0.0,0.0,0.0,0.0,0.0,0.0,0.0,0.0,0.0,0.0,0.0,0.0
Saint Lucia,0.0,0.0,0.0,0.0,0.43,0.0,0.0,0.0,0.11,0.0,0.0,0.0,0.0,0.0,0.0,0.0,0.0,0.21,0.0,0.0,1.39,0.0,0.0,0.54,0.0,0.0,0.0,0.0,0.0,0.0
Saint Vincent and the Grenadines,0.0,0.0,0.4,0.0,0.0,0.0,0.0,0.0,0.0,0.0,0.0,0.0,1.06,0.0,0.0,0.26,0.0,0.0,0.0,0.0,0.0,0.0,0.0,1.29,0.0,0.0,0.0,0.0,0.0,0.0
Samoa,0.77,1.24,0.0,0.0,0.0,0.0,0.0,0.0,0.0,0.0,0.0,0.0,0.0,0.0,0.09,0.76,0.0,0.0,0.0,10.78,0.0,0.0,0.94,0.0,0.0,0.0,0.0,0.0,0.0,0.0
San Marino,0.0,0.0,0.0,0.0,0.0,0.0,0.0,0.0,0.0,0.0,0.0,0.0,0.0,0.0,0.0,0.0,0.0,0.0,0.0,0.0,0.0,0.0,0.0,0.0,0.0,0.0,0.0,0.0,0.0,0.0
Sao Tome and Principe,0.0,0.0,0.0,0.0,0.0,0.0,0.0,0.0,0.0,0.0,0.0,0.0,0.0,0.0,0.0,0.0,0.0,0.0,0.0,0.0,0.0,0.0,0.0,0.0,0.0,0.0,0.0,0.0,0.0,0.0
Saudi Arabia,0.0,0.0,0.0,0.0,0.0,0.0,0.0,0.0,0.0,0.0,0.0,0.0,0.02,0.01,0.01,0.07,0.0,0.0,0.0,0.15,0.02,0.01,0.02,0.04,0.0,0.02,0.02,0.0,0.0,0.01
Scotland,0.01,0.0,0.0,0.01,0.02,0.03,0.01,0.0,0.0,0.01,0.0,0.0,0.0,0.0,0.0,0.01,0.0,0.0,0.0,0.01,0.01,0.0,0.0,0.02,0.0,0.0,0.01,0.0,0.0,0.0
Senegal,0.0,0.0,0.0,0.0,0.0,0.0,0.0,0.0,0.0,0.2,0.0,0.0,0.03,0.01,0.0,0.0,0.0,0.01,0.0,0.01,0.0,0.0,0.02,0.01,0.0,0.0,0.01,0.0,0.0,0.0
Serbia,0.0,0.0,0.0,0.0,0.0,0.0,0.0,0.0,0.0,0.01,0.0,0.01,0.0,0.01,0.0,0.0,0.0,0.0,0.0,0.0,0.0,0.0,0.0,0.0,0.05,0.0,0.0,0.0,0.0,0.0
Seychelles,0.0,0.0,0.0,0.0,0.0,0.0,0.0,0.85,0.0,0.0,0.0,0.0,0.0,0.0,0.47,0.0,0.0,0.0,0.0,0.0,0.0,0.0,0.0,0.0,0.0,0.0,0.0,0.0,0.0,0.0
Sierra Leone,0.0,0.0,0.0,0.0,0.0,0.0,0.02,0.0,0.0,0.02,0.0,0.0,0.0,0.0,0.01,0.03,0.0,0.0,0.0,0.13,0.02,0.03,0.0,0.0,0.0,0.01,0.0,1.88,0.0,0.01
Singapore,0.0,0.0,0.0,0.0,0.0,0.0,0.0,0.0,0.0,0.0,0.0,0.0,0.0,0.0,0.0,0.0,0.0,0.0,0.0,0.0,0.0,0.0,0.0,0.0,0.0,0.0,0.0,0.0,0.0,0.0
Slovakia,0.0,0.0,0.0,0.0,0.0,0.0,0.0,0.0,0.1,0.01,0.0,0.01,0.0,0.0,0.01,0.01,0.0,0.0,0.0,0.02,0.01,0.0,0.0,0.0,0.01,0.0,0.0,0.0,0.0,0.0
Slovenia,0.01,0.0,0.0,0.01,0.01,0.01,0.02,0.01,0.01,0.01,0.0,0.01,0.0,0.01,0.01,0.01,0.01,0.05,0.01,0.02,0.04,0.0,0.01,0.02,0.02,0.01,0.0,0.0,0.0,0.0
Solomon Islands,0.0,0.0,0.0,0.1,0.0,0.0,0.0,0.0,0.0,0.0,0.0,0.0,0.0,0.0,0.0,0.0,0.0,0.95,0.0,0.37,0.04,0.0,0.0,0.17,0.8,0.15,0.0,0.0,0.0,0.0
Somalia,0.0,0.0,0.0,0.0,0.11,0.02,0.0,1.7,0.0,0.0,0.0,0.0,0.0,0.0,0.19,0.01,0.06,0.02,0.0,0.0,0.01,0.0,0.02,0.1,0.0,0.0,0.01,0.0,0.03,0.0
South Africa,0.0,0.0,0.0,0.01,0.0,0.03,0.04,0.0,0.0,0.01,0.02,0.0,0.01,0.0,0.0,0.0,0.0,0.0,0.0,0.01,0.0,0.01,0.0,0.0,0.01,0.0,0.0,0.0,0.0,0.01
South Asia (WB),0.03,1.27,0.03,0.13,0.03,0.05,0.04,0.03,0.14,0.11,0.02,0.19,0.03,0.02,0.49,0.7,0.02,0.08,0.03,0.02,0.03,0.01,0.02,0.07,0.02,0.1,0.02,0.03,0.01,0.02
South Korea,0.06,0.05,0.0,0.02,0.01,0.05,0.06,0.01,0.25,0.05,0.03,0.05,0.12,0.06,0.02,0.02,0.04,0.01,0.01,0.01,0.01,0.06,0.01,0.0,0.02,0.0,0.0,0.0,0.0,0.0
South Sudan,0.0,0.0,0.0,0.0,0.0,0.0,0.0,0.0,0.0,0.0,0.0,0.0,0.0,0.0,0.0,0.0,0.0,0.0,0.02,0.0,0.0,0.0,0.05,0.11,0.0,0.0,0.0,0.0,0.0,0.15
South-East Asia Region (WHO),0.03,1.16,0.03,0.11,0.03,0.04,0.04,0.03,0.06,0.1,0.03,0.18,0.02,0.02,1.89,0.05,0.08,0.07,1.11,0.03,0.02,0.02,0.01,0.06,0.02,0.08,0.02,0.02,0.05,0.02
Spain,0.0,0.0,0.0,0.0,0.0,0.0,0.05,0.01,0.0,0.0,0.0,0.0,0.01,0.0,0.0,0.01,0.0,0.0,0.0,0.0,0.0,0.0,0.0,0.0,0.0,0.0,0.0,0.0,0.0,0.0
Sri Lanka,0.03,0.03,0.01,0.08,0.0,0.0,0.0,0.01,0.0,0.01,0.01,0.0,0.0,0.2,23.45,0.01,0.02,0.03,0.04,0.0,0.03,0.07,0.04,0.09,0.25,0.02,0.21,0.25,0.03,0.0
Sub-Saharan Africa (WB),0.0,0.01,0.0,0.0,0.01,0.0,0.01,0.04,0.0,0.01,0.02,0.01,0.01,0.01,0.01,0.01,0.02,0.01,0.01,0.01,0.01,0.01,0.01,0.01,0.01,0.01,0.01,0.03,0.01,0.02
Sudan,0.0,0.0,0.0,0.01,0.0,0.0,0.06,0.0,0.04,0.02,0.0,0.0,0.01,0.01,0.0,0.0,0.01,0.07,0.0,0.01,0.02,0.01,0.02,0.04,0.02,0.01,0.08,0.01,0.02,0.0
Suriname,0.0,0.0,0.0,0.0,0.0,0.0,0.0,0.0,0.0,0.0,0.0,0.0,0.0,0.0,0.0,0.0,0.0,0.0,0.0,0.0,0.0,0.0,0.0,0.0,0.0,0.0,0.0,0.0,0.0,0.0
Sweden,0.0,0.0,0.0,0.0,0.0,0.0,0.0,0.0,0.0,0.01,0.0,0.0,0.0,0.01,0.0,0.01,0.0,0.0,0.0,0.0,0.0,0.0,0.0,0.01,0.0,0.0,0.0,0.0,0.0,0.0
Switzerland,0.01,0.0,0.0,0.0,0.0,0.01,0.02,0.03,0.01,0.04,0.05,0.03,0.03,0.01,0.02,0.04,0.02,0.01,0.02,0.02,0.03,0.02,0.02,0.02,0.02,0.03,0.01,0.01,0.0,0.01
Syria,0.0,0.0,0.0,0.0,0.0,0.0,0.0,0.0,0.0,0.0,0.0,0.04,0.13,0.0,0.01,0.0,0.01,0.0,0.0,0.0,0.0,0.0,0.0,0.0,0.0,0.01,0.0,0.0,0.0,0.0
Taiwan,0.01,0.03,0.01,0.0,0.01,0.0,0.02,0.05,0.02,1.9,0.03,0.11,0.0,0.0,0.03,0.02,0.01,0.01,0.01,0.42,0.03,0.0,0.01,0.0,0.0,0.01,0.07,0.0,0.05,0.0
Tajikistan,0.1,0.0,3.25,0.01,0.0,0.0,0.0,0.09,0.14,0.06,0.0,0.0,0.08,0.02,0.0,0.06,0.06,0.11,0.0,0.05,0.16,0.0,0.0,0.0,0.04,0.02,0.01,0.03,0.01,0.0
Tanzania,0.06,0.0,0.0,0.01,0.01,0.0,0.0,0.02,0.01,0.0,0.01,0.0,0.0,0.0,0.0,0.0,0.0,0.0,0.02,0.01,0.0,0.01,0.0,0.0,0.01,0.02,0.01,0.0,0.0,0.0
Thailand,0.02,0.02,0.0,0.01,0.04,0.07,0.03,0.06,0.0,0.01,0.03,0.06,0.05,0.0,2.12,0.02,0.08,0.01,0.01,0.0,0.08,0.2,0.03,0.02,0.01,0.0,0.01,0.03,0.0,0.0
Togo,0.0,0.0,0.0,0.0,0.0,0.01,0.0,0.0,0.0,0.0,0.0,0.0,0.0,0.0,0.0,0.0,0.0,0.07,0.01,0.0,0.04,0.0,0.0,0.0,0.0,0.0,0.0,0.0,0.0,0.0
Tokelau,0.0,0.0,0.0,0.0,0.0,0.0,0.0,0.0,0.0,0.0,0.0,0.0,0.0,0.0,0.0,0.0,0.0,0.0,0.0,0.0,0.0,0.0,0.0,0.0,0.0,0.0,0.0,0.0,0.0,0.0
Tonga,0.2,0.0,0.0,0.0,0.0,0.0,0.0,0.0,0.0,0.0,0.0,0.0,0.0,0.0,0.0,0.0,0.0,0.0,0.0,1.26,0.0,0.0,0.0,0.0,0.15,0.0,0.0,0.0,0.0,0.0
Trinidad and Tobago,0.0,0.0,0.0,0.06,0.0,0.0,0.0,0.0,0.0,0.0,0.0,0.0,0.0,0.02,0.04,0.02,0.0,0.0,0.02,0.0,0.05,0.01,0.02,0.0,0.0,0.0,0.0,0.0,0.0,0.0
Tunisia,0.09,0.0,0.0,0.0,0.0,0.0,0.0,0.0,0.0,0.0,0.0,0.0,0.0,0.02,0.0,0.0,0.0,0.03,0.0,0.03,0.0,0.0,0.0,0.0,0.0,0.0,0.0,0.0,0.02,0.0
Turkey,0.02,0.01,0.24,0.04,0.01,0.06,0.0,0.0,0.07,4.86,0.0,0.01,0.03,0.05,0.02,0.01,0.02,0.0,0.0,0.02,0.02,0.16,0.0,0.0,0.0,0.0,0.0,0.0,0.01,0.0
Turkmenistan,0.0,0.0,0.0,0.0,0.0,0.0,0.0,0.0,0.0,0.0,0.0,0.0,0.0,0.0,0.0,0.0,0.0,0.0,0.0,0.0,0.0,0.0,0.0,0.0,0.0,0.0,0.0,0.0,0.0,0.0
Tuvalu,0.0,0.0,0.0,0.0,0.0,0.0,0.0,0.0,0.0,0.0,0.0,0.0,0.0,0.0,0.0,0.0,0.0,0.0,0.0,0.0,0.0,0.0,0.0,0.0,0.0,0.0,0.0,0.0,0.0,0.0
Uganda,0.0,0.0,0.0,0.0,0.0,0.0,0.0,0.03,0.0,0.0,0.0,0.0,0.0,0.01,0.0,0.0,0.0,0.01,0.02,0.0,0.13,0.02,0.01,0.0,0.0,0.0,0.01,0.01,0.02,0.0
Ukraine,0.0,0.01,0.0,0.0,0.0,0.0,0.0,0.0,0.0,0.0,0.0,0.0,0.0,0.0,0.0,0.0,0.0,0.0,0.01,0.0,0.0,0.0,0.0,0.0,0.0,0.0,0.0,0.0,0.0,0.0
United Arab Emirates,0.0,0.0,0.0,0.0,0.0,0.0,0.0,0.0,0.0,0.0,0.0,0.0,0.0,0.0,0.0,0.0,0.0,0.0,0.0,0.0,0.0,0.0,0.0,0.0,0.0,0.0,0.0,0.0,0.0,0.0
United Kingdom,0.01,0.01,0.0,0.0,0.0,0.0,0.0,0.0,0.01,0.0,0.0,0.0,0.0,0.0,0.0,0.0,0.0,0.0,0.0,0.0,0.0,0.0,0.0,0.0,0.0,0.0,0.0,0.0,0.0,0.0
United States,0.01,0.01,0.01,0.01,0.01,0.01,0.01,0.01,0.01,0.01,0.01,0.01,0.01,0.01,0.01,0.16,0.01,0.01,0.01,0.01,0.01,0.03,0.01,0.01,0.01,0.01,0.01,0.01,0.01,0.0
United States Virgin Islands,0.0,0.0,0.0,0.0,0.0,0.97,0.0,0.0,0.0,0.38,0.0,0.0,0.0,0.0,0.0,0.0,0.11,0.0,0.0,0.0,0.09,0.0,0.0,0.0,0.0,0.0,0.0,0.56,0.0,0.0
Uruguay,0.0,0.0,0.0,0.0,0.0,0.0,0.0,0.0,0.0,0.0,0.0,0.0,0.01,0.0,0.0,0.0,0.0,0.01,0.0,0.0,0.0,0.0,0.0,0.0,0.0,0.01,0.03,0.0,0.0,0.0
Uzbekistan,0.0,0.04,0.01,0.0,0.0,0.0,0.0,0.0,0.0,0.01,0.0,0.0,0.0,0.0,0.0,0.0,0.0,0.0,0.0,0.0,0.0,0.01,0.0,0.0,0.0,0.0,0.0,0.0,0.0,0.0
Vanuatu,0.0,0.0,0.17,0.34,0.0,0.0,0.0,7.28,0.0,3.2,0.0,0.14,0.0,0.0,0.13,0.0,0.0,0.0,0.0,0.0,0.0,0.0,0.0,0.0,0.61,0.54,0.0,0.0,0.0,0.0
Venezuela,0.0,0.0,0.0,0.1,0.04,0.0,0.01,0.1,0.04,22.35,0.02,0.01,0.02,0.03,0.04,0.04,0.03,0.01,0.01,0.01,0.05,0.02,0.01,0.01,0.0,0.0,0.0,0.0,0.0,0.0
Vietnam,0.04,0.11,0.07,0.06,0.08,0.06,0.24,0.86,0.1,0.18,0.14,0.09,0.03,0.03,0.04,0.06,0.12,0.06,0.08,0.07,0.04,0.02,0.01,0.04,0.01,0.01,0.03,0.05,0.02,0.0
Wales,0.01,0.14,0.0,0.0,0.0,0.0,0.0,0.0,0.04,0.0,0.0,0.01,0.0,0.0,0.0,0.0,0.0,0.0,0.0,0.0,0.0,0.0,0.0,0.0,0.0,0.0,0.0,0.0,0.0,0.0
Western Pacific Region (WHO),0.05,0.09,0.02,0.03,0.04,0.09,0.07,0.05,0.08,0.05,0.02,0.02,0.02,0.01,0.03,0.01,0.05,0.02,0.74,0.03,0.06,0.18,0.03,0.12,0.02,0.01,0.01,0.01,0.01,0.0
World,0.11,0.33,0.03,0.04,0.03,0.04,0.03,0.04,0.1,0.14,0.02,0.06,0.02,0.07,0.47,0.17,0.04,0.03,0.45,0.02,0.47,0.06,0.02,0.05,0.01,0.03,0.02,0.02,0.02,0.01
World Bank High Income,0.01,0.01,0.0,0.01,0.01,0.07,0.01,0.01,0.02,0.04,0.01,0.01,0.01,0.01,0.01,0.05,0.01,0.01,0.01,0.02,0.01,0.21,0.01,0.01,0.01,0.01,0.01,0.03,0.01,0.0
World Bank Low Income,0.01,0.04,0.01,0.03,0.04,0.02,0.02,0.06,0.14,0.01,0.02,0.01,0.04,0.01,0.12,0.02,0.04,0.03,0.05,0.01,4.12,0.01,0.02,0.02,0.03,0.21,0.04,0.06,0.02,0.04
World Bank Lower Middle Income,0.04,0.81,0.04,0.08,0.03,0.04,0.03,0.04,0.16,0.07,0.03,0.13,0.01,0.01,1.13,0.4,0.07,0.05,0.7,0.04,0.03,0.03,0.02,0.11,0.01,0.02,0.01,0.02,0.04,0.02
World Bank Upper Middle Income,0.28,0.02,0.02,0.03,0.03,0.03,0.04,0.04,0.04,0.32,0.01,0.02,0.02,0.18,0.07,0.01,0.02,0.02,0.51,0.01,0.05,0.03,0.01,0.01,0.01,0.01,0.01,0.02,0.0,0.0
Yemen,0.0,0.01,0.0,0.02,0.0,0.0,0.23,0.0,0.05,0.0,0.0,0.04,0.04,0.01,0.0,0.06,0.02,0.07,0.06,0.01,0.01,0.0,0.0,0.03,0.0,0.02,0.02,0.03,0.03,0.0
Zambia,0.0,0.0,0.0,0.0,0.0,0.0,0.0,0.0,0.0,0.0,0.0,0.0,0.0,0.0,0.0,0.0,0.0,0.0,0.01,0.02,0.01,0.0,0.0,0.0,0.0,0.0,0.0,0.0,0.0,0.0
Zimbabwe,0.0,0.0,0.0,0.0,0.0,0.0,0.0,0.0,0.02,0.0,0.04,0.01,0.0,0.01,0.0,0.0,0.0,0.01,0.01,0.0,0.0,0.0,0.0,0.09,0.01,0.01,0.02,0.2,0.0,0.52
